City_ID,City,Lat,Lng,Max Temp,Humidity,Cloudiness,Wind Speed,Country,Date
0,edinburgh of the seven seas,-37.0676,-12.3116,56.52,77,65,30.15,SH,Sun Aug  4 21:30:48 2024
1,adamstown,-25.066,-130.1015,69.4,81,100,16.91,PN,Sun Aug  4 21:30:50 2024
2,albany,42.6001,-73.9662,75.67,74,0,1.99,US,Sun Aug  4 21:26:17 2024
3,kirchberg in tirol,47.3907,12.3072,60.69,97,97,1.99,AT,Sun Aug  4 21:30:53 2024
4,geraldton,-28.7667,114.6,52.21,87,0,9.22,AU,Sun Aug  4 21:17:18 2024
5,palmas,-10.2128,-48.3603,73.27,49,0,6.91,BR,Sun Aug  4 21:30:07 2024
6,kovdor,67.5662,30.4758,49.05,81,13,1.88,RU,Sun Aug  4 21:30:58 2024
7,naze,28.3667,129.4833,86.92,72,15,15.01,JP,Sun Aug  4 21:17:28 2024
8,avarua,-21.2078,-159.775,77.05,69,20,9.22,CK,Sun Aug  4 21:31:01 2024
9,quiberon,47.4841,-3.1196,56.8,84,0,4.47,FR,Sun Aug  4 21:31:03 2024
10,bethel,41.3712,-73.414,73.63,89,0,1.99,US,Sun Aug  4 21:31:04 2024
11,ushuaia,-54.8,-68.3,29.86,69,75,8.05,AR,Sun Aug  4 21:31:06 2024
12,paracuru,-3.41,-39.0306,79.07,76,5,15.26,BR,Sun Aug  4 21:31:07 2024
13,ust-nera,64.5667,143.2,61.77,50,59,4.74,RU,Sun Aug  4 21:31:09 2024
14,pandan,14.0453,124.1694,87.26,66,96,8.75,PH,Sun Aug  4 21:31:10 2024
15,puerto baquerizo moreno,-0.9,-89.6,67.35,85,26,12.59,EC,Sun Aug  4 21:21:47 2024
16,keflavik,64.0049,-22.5624,53.51,87,100,17.27,IS,Sun Aug  4 21:31:13 2024
17,lobujya,27.95,86.8167,41.47,84,100,2.71,NP,Sun Aug  4 21:31:14 2024
18,port-aux-francais,-49.35,70.2167,35.19,67,10,16.04,TF,Sun Aug  4 21:31:16 2024
19,misratah,32.3754,15.0925,81.27,69,0,4.79,LY,Sun Aug  4 21:31:18 2024
20,talnakh,69.4865,88.3972,56.62,50,0,11.74,RU,Sun Aug  4 21:31:19 2024
21,port elizabeth,-33.918,25.5701,52.09,52,0,19.57,ZA,Sun Aug  4 21:31:21 2024
22,puerto natales,-51.7236,-72.4875,33.49,98,100,1.45,CL,Sun Aug  4 21:31:23 2024
23,grytviken,-54.2811,-36.5092,29.57,87,100,12.17,GS,Sun Aug  4 21:31:24 2024
24,panruti,11.7667,79.55,80.46,77,100,7.65,IN,Sun Aug  4 21:31:26 2024
25,korla,41.7597,86.1469,90.18,20,10,12.3,CN,Sun Aug  4 21:31:27 2024
26,invercargill,-46.4,168.35,54.01,64,20,8.99,NZ,Sun Aug  4 21:31:28 2024
27,kolda,12.8833,-14.95,73.62,99,100,2.82,SN,Sun Aug  4 21:31:30 2024
28,waitangi,-43.9535,-176.5597,51.82,74,100,3.0,NZ,Sun Aug  4 21:31:31 2024
29,udachny,66.4167,112.4,71.55,37,100,16.49,RU,Sun Aug  4 21:31:33 2024
30,el calafate,-50.3408,-72.2768,32.74,91,96,5.61,AR,Sun Aug  4 21:31:34 2024
31,nishinoomote,30.7333,131.0,86.56,84,75,4.61,JP,Sun Aug  4 21:31:36 2024
32,lenino,45.2986,35.7771,71.17,77,97,9.15,UA,Sun Aug  4 21:31:37 2024
33,klyuchi,52.2667,79.1667,71.89,57,24,8.12,RU,Sun Aug  4 21:31:39 2024
34,kodiak,57.79,-152.4072,53.11,100,100,12.66,US,Sun Aug  4 21:20:37 2024
35,tofol,5.3248,163.0078,87.58,66,75,6.91,FM,Sun Aug  4 21:31:42 2024
36,koppies,-27.2418,27.5742,50.02,34,94,8.34,ZA,Sun Aug  4 21:31:43 2024
37,atar,20.5169,-13.0499,86.81,55,92,16.02,MR,Sun Aug  4 21:31:45 2024
38,alliance,40.9153,-81.1059,76.05,85,0,4.59,US,Sun Aug  4 21:31:02 2024
39,chonchi,-42.6128,-73.8092,46.11,98,100,6.8,CL,Sun Aug  4 21:31:47 2024
40,minas de marcona,-15.2119,-75.1103,50.86,88,40,9.89,PE,Sun Aug  4 21:31:50 2024
41,igarka,67.4667,86.5833,49.19,64,48,13.87,RU,Sun Aug  4 21:24:34 2024
42,qaqortoq,60.7167,-46.0333,42.26,85,0,2.93,GL,Sun Aug  4 21:31:53 2024
43,ribeira grande,38.5167,-28.7,76.77,95,33,8.01,PT,Sun Aug  4 21:31:55 2024
44,port alfred,-33.5906,26.891,54.34,61,1,23.6,ZA,Sun Aug  4 21:31:56 2024
45,wailua homesteads,22.0669,-159.378,81.39,69,100,14.97,US,Sun Aug  4 21:31:58 2024
46,altamira,-3.2033,-52.2064,74.59,51,4,1.52,BR,Sun Aug  4 21:32:00 2024
47,utrik,11.2278,169.8474,83.5,79,23,14.5,MH,Sun Aug  4 21:32:01 2024
48,bulgan,48.8125,103.5347,68.07,67,89,3.33,MN,Sun Aug  4 21:32:03 2024
49,kingston,17.997,-76.7936,86.95,74,20,14.97,JM,Sun Aug  4 21:32:04 2024
50,yellowknife,62.456,-114.3525,70.32,49,75,12.66,CA,Sun Aug  4 21:32:06 2024
51,anaconda,46.1285,-112.9423,74.39,46,14,6.76,US,Sun Aug  4 21:32:08 2024
52,kupang,-10.1667,123.5833,86.58,58,20,13.8,ID,Sun Aug  4 21:32:09 2024
53,tuba city,36.135,-111.2399,80.76,33,100,1.34,US,Sun Aug  4 21:32:11 2024
54,bilibino,68.0546,166.4372,49.84,59,100,8.08,RU,Sun Aug  4 21:32:13 2024
55,hithadhoo,-0.6,73.0833,83.07,76,100,9.28,MV,Sun Aug  4 21:32:14 2024
56,papao,-17.75,-149.55,82.08,75,6,15.14,PF,Sun Aug  4 21:32:16 2024
57,saipan,15.1355,145.701,88.5,66,40,14.97,MP,Sun Aug  4 21:32:18 2024
58,lorengau,-2.0226,147.2712,82.8,79,69,7.18,PG,Sun Aug  4 21:32:19 2024
59,sisimiut,66.9395,-53.6735,47.98,76,100,1.07,GL,Sun Aug  4 21:32:21 2024
60,vorkuta,67.5,64.0,51.31,58,55,12.1,RU,Sun Aug  4 21:32:23 2024
61,port lincoln,-34.7333,135.8667,56.3,65,6,2.1,AU,Sun Aug  4 21:32:24 2024
62,iqaluit,63.7506,-68.5145,42.53,93,100,3.44,CA,Sun Aug  4 21:30:13 2024
63,salinas,36.6777,-121.6555,80.73,74,75,12.66,US,Sun Aug  4 21:24:20 2024
64,bodo,67.28,14.405,64.78,72,0,14.97,NO,Sun Aug  4 21:32:29 2024
65,selfoss,63.9331,-20.9971,52.05,72,100,29.8,IS,Sun Aug  4 21:32:31 2024
66,bredasdorp,-34.5322,20.0403,43.9,70,20,10.36,ZA,Sun Aug  4 21:32:33 2024
67,enewetak,11.3474,162.3373,84.0,76,100,9.19,MH,Sun Aug  4 21:21:13 2024
68,al jawf,29.5,38.75,76.5,31,0,6.4,SA,Sun Aug  4 21:32:36 2024
69,hawaiian paradise park,19.5933,-154.9731,78.31,84,100,16.11,US,Sun Aug  4 21:32:38 2024
70,uturoa,-16.7333,-151.4333,76.6,72,5,15.82,PF,Sun Aug  4 21:32:39 2024
71,touros,-5.1989,-35.4608,73.99,82,16,11.99,BR,Sun Aug  4 21:29:15 2024
72,purpe,64.4803,76.6897,56.1,65,100,19.17,RU,Sun Aug  4 21:32:42 2024
73,askiz,53.1319,90.5264,69.84,65,9,5.68,RU,Sun Aug  4 21:32:43 2024
74,terrace,54.5163,-128.6035,89.51,22,20,6.91,CA,Sun Aug  4 21:29:40 2024
75,vilyuchinsk,52.9306,158.4028,70.07,75,91,6.49,RU,Sun Aug  4 21:32:46 2024
76,west island,-12.1568,96.8225,78.78,73,100,12.66,CC,Sun Aug  4 21:32:48 2024
77,kathmandu,27.7167,85.3167,73.62,94,40,2.3,NP,Sun Aug  4 21:32:05 2024
78,stanley,54.868,-1.6985,60.71,91,40,6.91,GB,Sun Aug  4 21:32:50 2024
79,punta arenas,-53.15,-70.9167,30.31,100,75,5.75,CL,Sun Aug  4 21:31:52 2024
80,mount gambier,-37.8333,140.7667,56.82,50,9,3.76,AU,Sun Aug  4 21:32:54 2024
81,gamba,-2.65,10.0,69.93,79,92,4.99,GA,Sun Aug  4 21:28:00 2024
82,lossiemouth,57.7214,-3.2834,60.71,84,0,9.22,GB,Sun Aug  4 21:32:56 2024
83,mugia,43.1041,-9.2179,66.16,93,2,5.93,ES,Sun Aug  4 21:32:58 2024
84,pemangkat,1.1667,108.9667,82.92,74,13,4.76,ID,Sun Aug  4 21:32:59 2024
85,port mathurin,-19.6833,63.4167,71.91,73,4,14.09,MU,Sun Aug  4 21:33:01 2024
86,nar'yan-mar,67.6713,53.087,45.77,68,78,14.56,RU,Sun Aug  4 21:33:02 2024
87,vrangel',42.7297,133.0839,66.25,76,100,14.54,RU,Sun Aug  4 21:33:04 2024
88,constantia,44.1833,28.65,66.88,74,5,8.9,RO,Sun Aug  4 21:33:05 2024
89,tindouf,27.6711,-8.1474,97.25,8,0,4.61,DZ,Sun Aug  4 21:33:07 2024
90,mungaoli,24.4167,78.1,75.47,92,100,14.9,IN,Sun Aug  4 21:33:08 2024
91,dunedin,-45.8742,170.5036,52.11,61,7,4.45,NZ,Sun Aug  4 21:33:09 2024
92,blackmans bay,-43.0167,147.3167,55.72,60,8,1.01,AU,Sun Aug  4 21:33:11 2024
93,jamestown,42.097,-79.2353,73.04,64,0,6.91,US,Sun Aug  4 21:33:12 2024
94,nova sintra,14.8667,-24.7167,79.86,79,88,5.35,CV,Sun Aug  4 21:33:14 2024
95,tiksi,71.6872,128.8694,50.92,88,100,10.22,RU,Sun Aug  4 21:33:15 2024
96,dryden,49.7833,-92.7503,64.69,59,75,4.61,CA,Sun Aug  4 21:33:17 2024
97,katoya,23.65,88.1333,86.47,73,91,7.09,IN,Sun Aug  4 21:33:18 2024
98,nagqu,31.5,92.0,48.87,64,0,3.15,CN,Sun Aug  4 21:33:19 2024
99,carnarvon,-24.8667,113.6333,65.95,42,0,8.66,AU,Sun Aug  4 21:33:21 2024
100,wynyard,-41.0,145.7167,54.19,83,80,3.0,AU,Sun Aug  4 21:33:22 2024
101,rio branco,-9.9747,-67.81,79.41,78,12,2.3,BR,Sun Aug  4 21:31:52 2024
102,alofi,-19.0595,-169.9187,80.49,78,75,10.36,NU,Sun Aug  4 21:33:25 2024
103,nemuro,43.3236,145.575,59.7,100,100,8.08,JP,Sun Aug  4 21:33:27 2024
104,ilulissat,69.2167,-51.1,44.62,76,40,1.14,GL,Sun Aug  4 21:33:28 2024
105,pacasmayo,-7.4006,-79.5714,61.95,89,8,12.15,PE,Sun Aug  4 21:33:30 2024
106,nouadhibou,20.931,-17.0347,75.18,88,40,10.36,MR,Sun Aug  4 21:33:31 2024
107,letlhakeng,-24.0944,25.0298,52.86,33,3,12.19,BW,Sun Aug  4 21:33:32 2024
108,strezhevoy,60.7333,77.5889,64.45,88,100,2.48,RU,Sun Aug  4 21:33:34 2024
109,port douglas,-16.4833,145.4667,72.88,71,87,11.54,AU,Sun Aug  4 21:33:35 2024
110,ancud,-41.8697,-73.8203,46.67,90,100,19.35,CL,Sun Aug  4 21:33:37 2024
111,lamu,-2.2717,40.902,74.12,73,12,13.02,KE,Sun Aug  4 21:33:38 2024
112,hammerfest,70.6634,23.6821,66.65,55,11,4.61,NO,Sun Aug  4 21:33:39 2024
113,wenling,28.3669,121.36,86.38,73,31,5.68,CN,Sun Aug  4 21:33:41 2024
114,isafjordur,66.0755,-23.124,46.27,89,100,20.96,IS,Sun Aug  4 21:33:42 2024
115,margaret river,-33.95,115.0667,61.29,80,83,15.57,AU,Sun Aug  4 21:33:44 2024
116,saint-pierre,-21.3393,55.4781,65.88,55,20,9.22,RE,Sun Aug  4 21:33:45 2024
117,nuuk,64.1835,-51.7216,43.41,87,20,1.14,GL,Sun Aug  4 21:33:47 2024
118,al mutayrifi,25.4788,49.5576,93.54,18,0,10.31,SA,Sun Aug  4 21:33:48 2024
119,anadyr,64.75,177.4833,43.3,100,100,20.13,RU,Sun Aug  4 21:33:49 2024
120,dhankuta,26.9833,87.3333,72.43,85,86,1.16,NP,Sun Aug  4 21:33:52 2024
121,la ronge,55.1001,-105.2842,68.25,42,100,4.61,CA,Sun Aug  4 21:33:53 2024
122,vilyuysk,63.7553,121.6247,70.5,34,62,11.18,RU,Sun Aug  4 21:33:55 2024
123,moree,-29.4667,149.85,61.65,72,100,16.58,AU,Sun Aug  4 21:33:56 2024
124,aasiaat,68.7098,-52.8699,34.54,92,4,5.06,GL,Sun Aug  4 21:33:57 2024
125,papatowai,-46.5619,169.4708,52.48,61,13,4.85,NZ,Sun Aug  4 21:33:59 2024
126,hermanus,-34.4187,19.2345,49.8,69,57,17.29,ZA,Sun Aug  4 21:34:00 2024
127,college,64.8569,-147.8028,76.06,50,75,6.91,US,Sun Aug  4 21:34:03 2024
128,mineiros,-17.5694,-52.5511,67.28,41,0,6.53,BR,Sun Aug  4 21:34:04 2024
129,labrador city,52.9463,-66.9114,57.18,70,75,11.99,CA,Sun Aug  4 21:30:11 2024
130,winslow,35.0242,-110.6974,91.58,25,75,18.41,US,Sun Aug  4 21:34:07 2024
131,tokar,18.4254,37.729,91.89,48,100,23.42,SD,Sun Aug  4 21:34:09 2024
132,robore,-18.3333,-59.75,79.72,39,77,2.17,BO,Sun Aug  4 21:34:10 2024
133,roma,43.2128,-75.4557,74.1,76,0,5.75,US,Sun Aug  4 21:33:20 2024
134,san patricio,28.017,-97.5169,86.9,64,3,10.16,US,Sun Aug  4 21:34:13 2024
135,tukrah,32.5341,20.5791,79.3,64,0,4.36,LY,Sun Aug  4 21:34:14 2024
136,honiara,-9.4333,159.95,78.12,93,100,2.77,SB,Sun Aug  4 21:34:16 2024
137,tsiombe,-25.3,45.4833,59.63,92,3,3.4,MG,Sun Aug  4 21:34:17 2024
138,celestun,20.8667,-90.4,81.0,81,2,6.33,MX,Sun Aug  4 21:34:18 2024
139,lagos,6.5833,3.75,79.12,88,24,4.45,NG,Sun Aug  4 21:31:55 2024
140,camalu,30.85,-116.0667,82.65,78,100,9.06,MX,Sun Aug  4 21:34:22 2024
141,roleystone,-32.1167,116.0667,57.7,65,0,7.45,AU,Sun Aug  4 21:34:23 2024
142,lovech,43.1333,24.7167,65.17,54,99,6.31,BG,Sun Aug  4 21:34:24 2024
143,el fasher,13.6279,25.3494,74.12,77,32,9.37,SD,Sun Aug  4 21:34:26 2024
144,sagaing,21.8787,95.9797,76.46,94,100,11.68,MM,Sun Aug  4 21:34:29 2024
145,petropavlovsk-kamchatsky,53.0452,158.6483,68.59,60,20,8.95,RU,Sun Aug  4 21:34:30 2024
146,thompson,55.7435,-97.8558,68.16,40,20,4.61,CA,Sun Aug  4 21:34:32 2024
147,prestea,5.4327,-2.1428,74.05,85,100,1.54,GH,Sun Aug  4 21:34:33 2024
148,naama,33.2667,-0.3167,83.53,17,51,4.45,DZ,Sun Aug  4 21:34:34 2024
149,kourou,5.1552,-52.6478,78.85,86,50,7.74,GF,Sun Aug  4 21:34:36 2024
150,al jumum,21.6169,39.6981,87.8,63,91,3.44,SA,Sun Aug  4 21:34:37 2024
151,mawu,34.4307,104.9176,64.38,83,66,5.44,CN,Sun Aug  4 21:34:39 2024
152,bestobe,52.4994,73.0975,65.5,65,100,9.42,KZ,Sun Aug  4 21:34:40 2024
153,tazovsky,67.4667,78.7,47.03,64,92,14.52,RU,Sun Aug  4 21:30:52 2024
154,whitehorse,60.7161,-135.0538,75.09,25,20,5.75,CA,Sun Aug  4 21:34:44 2024
155,rosso,16.4986,-15.8153,81.79,74,100,10.42,SN,Sun Aug  4 21:34:45 2024
156,east london,-33.0153,27.9116,56.55,49,6,20.78,ZA,Sun Aug  4 21:34:47 2024
157,codrington,-38.2667,141.9667,54.93,51,4,5.55,AU,Sun Aug  4 21:34:48 2024
158,polyarnyy,69.1989,33.4478,47.62,83,4,1.12,RU,Sun Aug  4 21:34:50 2024
159,axim,4.8699,-2.2405,75.16,83,100,6.15,GH,Sun Aug  4 21:34:51 2024
160,tanjung pandan,-2.75,107.65,85.41,61,25,8.97,ID,Sun Aug  4 21:34:52 2024
161,martapura,-3.4167,114.85,80.69,74,0,3.44,ID,Sun Aug  4 21:34:54 2024
162,itoman,26.1247,127.6694,92.08,73,20,17.27,JP,Sun Aug  4 21:34:55 2024
163,portland,45.5234,-122.6762,91.94,41,20,8.05,US,Sun Aug  4 21:34:57 2024
164,gretna,29.9147,-90.054,89.01,70,9,1.01,US,Sun Aug  4 21:34:58 2024
165,whiteville,34.3388,-78.7031,80.1,93,0,5.75,US,Sun Aug  4 21:34:59 2024
166,mramani,-12.3464,44.5286,73.29,67,40,9.01,KM,Sun Aug  4 21:35:01 2024
167,swakopmund,-22.6833,14.5333,48.97,82,4,12.59,NA,Sun Aug  4 21:35:02 2024
168,ulaangom,49.9811,92.0667,69.46,53,3,4.32,MN,Sun Aug  4 21:35:04 2024
169,afaahiti,-17.75,-149.2833,80.47,75,9,13.06,PF,Sun Aug  4 21:35:05 2024
170,swan hill,-35.3378,143.5544,57.43,52,100,6.26,AU,Sun Aug  4 21:35:07 2024
171,flying fish cove,-10.4217,105.6791,76.68,88,100,12.66,CX,Sun Aug  4 21:35:08 2024
172,birjand,32.8663,59.2211,72.07,20,0,9.22,IR,Sun Aug  4 21:35:10 2024
173,alice springs,-23.7,133.8833,54.95,76,40,8.05,AU,Sun Aug  4 21:35:11 2024
174,olonkinbyen,70.9221,-8.7187,42.6,99,100,7.94,SJ,Sun Aug  4 21:35:12 2024
175,luau,-10.7073,22.2247,61.81,33,2,2.95,AO,Sun Aug  4 21:35:14 2024
176,villamontes,-21.25,-63.5,64.44,51,29,2.04,BO,Sun Aug  4 21:35:15 2024
177,fisterra,42.9049,-9.2629,66.02,93,0,9.04,ES,Sun Aug  4 21:35:17 2024
178,gadzhiyevo,69.2551,33.3362,47.32,85,2,2.13,RU,Sun Aug  4 21:35:18 2024
179,hadibu,12.65,54.0333,77.56,84,100,22.24,YE,Sun Aug  4 21:35:19 2024
180,novyy urengoy,66.0833,76.6333,52.93,55,100,16.06,RU,Sun Aug  4 21:35:21 2024
181,santa luzia,-19.7697,-43.8514,70.88,62,0,5.75,BR,Sun Aug  4 21:35:22 2024
182,nema,57.5067,50.5011,62.22,81,90,4.29,RU,Sun Aug  4 21:35:24 2024
183,malango,-2.9627,119.9001,77.52,68,94,4.16,ID,Sun Aug  4 21:35:26 2024
184,iskateley,67.6803,53.1512,45.73,68,73,14.54,RU,Sun Aug  4 21:35:28 2024
185,namibe,-15.1961,12.1522,59.86,89,1,4.43,AO,Sun Aug  4 21:35:29 2024
186,bela,25.9333,81.9833,83.12,74,6,8.34,IN,Sun Aug  4 21:35:31 2024
187,hiratacho,35.4333,132.8167,87.76,70,20,4.61,JP,Sun Aug  4 21:35:32 2024
188,brisas de zicatela,15.8369,-97.0419,82.09,79,99,4.27,MX,Sun Aug  4 21:35:34 2024
189,ambovombe,-25.1667,46.0833,61.32,89,2,5.86,MG,Sun Aug  4 21:35:35 2024
190,baganga,7.5739,126.56,84.85,69,100,3.74,PH,Sun Aug  4 21:35:37 2024
191,kyzyl-suu,42.3414,78.0056,70.14,41,100,2.91,KG,Sun Aug  4 21:35:38 2024
192,paso de los libres,-29.7131,-57.0899,57.81,96,100,10.16,AR,Sun Aug  4 21:31:00 2024
193,hurricane,37.1753,-113.2899,100.74,24,1,8.01,US,Sun Aug  4 21:35:41 2024
194,vila franca do campo,37.7167,-25.4333,73.81,91,5,4.5,PT,Sun Aug  4 21:35:42 2024
195,colonia,50.9333,6.95,63.97,83,0,1.14,DE,Sun Aug  4 21:35:44 2024
196,saldanha,-33.0117,17.9442,52.77,58,28,6.55,ZA,Sun Aug  4 21:35:46 2024
197,buala,-8.145,159.5921,79.63,85,100,8.72,SB,Sun Aug  4 21:35:47 2024
198,boa viagem,-5.1275,-39.7322,74.53,53,52,1.63,BR,Sun Aug  4 21:35:48 2024
199,ishigaki,24.3448,124.1572,87.93,79,75,8.05,JP,Sun Aug  4 21:35:50 2024
200,tinajo,29.0788,-13.7081,70.68,78,20,16.11,ES,Sun Aug  4 21:35:51 2024
201,daru,-9.0763,143.2092,77.81,84,78,14.18,PG,Sun Aug  4 21:35:53 2024
202,longyearbyen,78.2186,15.6401,48.04,87,75,10.36,SJ,Sun Aug  4 21:35:54 2024
203,griffith,41.5284,-87.4237,82.89,74,0,4.61,US,Sun Aug  4 21:35:55 2024
204,christchurch,-43.5333,172.6333,57.69,62,5,3.44,NZ,Sun Aug  4 21:34:57 2024
205,georgetown,5.4112,100.3354,84.13,77,20,5.75,MY,Sun Aug  4 21:30:05 2024
206,fale old settlement,-9.3852,-171.2468,82.0,80,100,13.35,TK,Sun Aug  4 21:36:00 2024
207,aykhal,66.0,111.5,69.6,38,68,17.98,RU,Sun Aug  4 21:36:01 2024
208,pampierstad,-27.7832,24.6877,40.96,88,98,5.41,ZA,Sun Aug  4 21:36:03 2024
209,eilat,29.5581,34.9482,87.64,42,1,10.36,IL,Sun Aug  4 21:36:04 2024
210,praia da vitoria,38.7333,-27.0667,77.25,88,20,6.49,PT,Sun Aug  4 21:36:07 2024
211,san rafael del yuma,18.4299,-68.6739,81.97,86,71,7.16,DO,Sun Aug  4 21:36:08 2024
212,conde,-7.2597,-34.9075,72.86,100,75,3.44,BR,Sun Aug  4 21:36:10 2024
213,luderitz,-26.6481,15.1594,53.71,74,0,13.71,NA,Sun Aug  4 21:36:11 2024
214,monte patria,-30.6919,-70.9467,53.98,66,100,2.42,CL,Sun Aug  4 21:36:13 2024
215,oak grove,45.4168,-122.6401,91.33,41,20,6.91,US,Sun Aug  4 21:36:14 2024
216,mount isa,-20.7333,139.5,76.77,41,23,4.61,AU,Sun Aug  4 21:36:16 2024
217,sao gabriel da cachoeira,-0.1303,-67.0892,74.48,90,56,0.98,BR,Sun Aug  4 21:36:17 2024
218,ulanhot,46.0833,122.0833,80.96,54,100,14.18,CN,Sun Aug  4 21:36:19 2024
219,humaita,-7.5061,-63.0208,79.29,44,3,2.73,BR,Sun Aug  4 21:36:20 2024
220,bengkulu,-3.8004,102.2655,79.27,83,26,8.08,ID,Sun Aug  4 21:36:21 2024
221,khanty-mansiysk,61.0042,69.0019,62.71,100,100,0.0,RU,Sun Aug  4 21:36:23 2024
222,berdigestyakh,62.0989,126.6992,58.32,65,100,6.22,RU,Sun Aug  4 21:36:24 2024
223,pottsville,40.6857,-76.1955,77.95,93,8,1.72,US,Sun Aug  4 21:36:26 2024
224,vorgashor,67.5833,63.95,50.52,58,50,12.3,RU,Sun Aug  4 21:36:27 2024
225,drawsko pomorskie,53.5306,15.8097,60.39,93,100,9.4,PL,Sun Aug  4 21:34:18 2024
226,hamilton,39.1834,-84.5333,81.88,74,20,4.61,US,Sun Aug  4 21:36:30 2024
227,kuruman,-27.4524,23.4325,37.99,89,100,9.86,ZA,Sun Aug  4 21:34:13 2024
228,hami,42.8,93.45,90.54,16,99,8.88,CN,Sun Aug  4 21:36:33 2024
229,mezhdurechensk,53.6942,88.0603,67.59,84,54,1.9,RU,Sun Aug  4 21:36:34 2024
230,kyaikto,17.3,97.0167,77.29,92,100,3.31,MM,Sun Aug  4 21:36:36 2024
231,kone,-21.0595,164.8658,77.47,40,0,10.89,NC,Sun Aug  4 21:36:37 2024
232,rye,40.9807,-73.6837,75.78,84,75,4.61,US,Sun Aug  4 21:31:23 2024
233,lompoc,34.6391,-120.4579,65.84,82,0,11.5,US,Sun Aug  4 21:36:40 2024
234,bernardo de irigoyen,-26.2552,-53.6458,64.76,67,55,4.45,AR,Sun Aug  4 21:36:42 2024
235,palikir - national government center,6.9248,158.1611,86.85,74,100,12.66,FM,Sun Aug  4 21:36:43 2024
236,peniche,39.3558,-9.3811,68.2,92,2,15.82,PT,Sun Aug  4 21:36:44 2024
237,bardai,11.65,7.2333,69.78,92,93,9.48,NG,Sun Aug  4 21:36:48 2024
238,mont-dore,-22.2833,166.5833,73.99,99,8,12.44,NC,Sun Aug  4 21:36:49 2024
239,baiyin,36.5583,104.2081,79.52,36,93,4.38,CN,Sun Aug  4 21:36:51 2024
240,erdenet,49.0333,104.0833,64.31,80,95,4.83,MN,Sun Aug  4 21:36:52 2024
241,ormara,25.2088,64.6357,81.43,83,100,9.71,PK,Sun Aug  4 21:36:53 2024
242,pisco,-13.7,-76.2167,60.85,88,0,6.91,PE,Sun Aug  4 21:34:03 2024
243,wenshang,35.7275,116.4961,85.75,75,93,5.03,CN,Sun Aug  4 21:36:57 2024
244,rongelap,11.1635,166.8941,83.86,78,57,14.07,MH,Sun Aug  4 21:36:58 2024
245,ta`u,-14.2336,-169.5144,80.56,63,100,4.74,AS,Sun Aug  4 21:36:59 2024
246,sagua de tanamo,20.5819,-75.2414,78.04,94,100,4.18,CU,Sun Aug  4 21:37:01 2024
247,kaa-khem,51.6833,94.7333,69.66,68,2,3.42,RU,Sun Aug  4 21:37:02 2024
248,la passe,45.5549,-0.8967,66.43,91,0,5.79,FR,Sun Aug  4 21:37:03 2024
249,bijar,35.8668,47.6051,63.73,58,0,6.04,IR,Sun Aug  4 21:37:05 2024
250,riachao,-7.3619,-46.6172,70.74,35,6,5.35,BR,Sun Aug  4 21:37:06 2024
251,groningen,53.25,6.75,62.02,87,100,2.3,NL,Sun Aug  4 21:36:56 2024
252,butembo,0.15,29.2833,57.36,93,20,2.46,CD,Sun Aug  4 21:37:09 2024
253,san juan de miraflores,-12.1629,-76.9635,62.17,85,68,12.21,PE,Sun Aug  4 21:37:11 2024
254,sitka,57.0531,-135.33,78.69,38,0,6.91,US,Sun Aug  4 21:37:12 2024
255,puerto ayora,-0.7393,-90.3518,67.55,94,44,1.01,EC,Sun Aug  4 21:37:14 2024
256,tucuma,-0.1833,-50.05,78.57,82,66,8.48,BR,Sun Aug  4 21:37:15 2024
257,paita,-5.0892,-81.1144,64.56,82,10,14.61,PE,Sun Aug  4 21:37:16 2024
258,broken hill,-31.95,141.4333,52.74,77,99,9.28,AU,Sun Aug  4 21:37:18 2024
259,kavaratti,10.5669,72.642,81.9,82,88,11.1,IN,Sun Aug  4 21:37:19 2024
260,urucui,-7.2294,-44.5561,72.48,45,3,4.99,BR,Sun Aug  4 21:37:21 2024
261,badger,64.8,-147.5333,75.97,50,0,6.91,US,Sun Aug  4 21:37:22 2024
262,bandarbeyla,9.4942,50.8122,76.71,76,100,26.84,SO,Sun Aug  4 21:37:23 2024
263,feicheng,35.2606,117.9675,89.71,73,98,8.39,CN,Sun Aug  4 21:37:25 2024
264,santa marta,11.2408,-74.199,84.25,79,20,3.44,CO,Sun Aug  4 21:32:29 2024
265,boa vista,2.8197,-60.6733,78.78,89,75,5.75,BR,Sun Aug  4 21:37:28 2024
266,santa ana,33.7456,-117.8678,97.25,42,40,9.22,US,Sun Aug  4 21:37:30 2024
267,kiama,-34.6833,150.8667,59.58,73,100,1.99,AU,Sun Aug  4 21:37:31 2024
268,iguai,-14.7564,-40.0892,62.8,95,20,1.92,BR,Sun Aug  4 21:37:33 2024
269,sovetskiy,61.3614,63.5842,60.82,90,96,1.5,RU,Sun Aug  4 21:37:34 2024
270,kabompo,-13.5927,24.2008,55.22,33,0,4.05,ZM,Sun Aug  4 21:34:14 2024
271,chifeng,42.2683,118.9636,84.18,45,100,6.02,CN,Sun Aug  4 21:37:37 2024
272,coahuayana de hidalgo,18.7,-103.6583,78.46,88,100,2.98,MX,Sun Aug  4 21:37:38 2024
273,dolinsk,47.35,142.8,56.19,97,100,8.81,RU,Sun Aug  4 21:37:40 2024
274,carutapera,-1.195,-46.02,77.7,82,6,6.96,BR,Sun Aug  4 21:37:41 2024
275,crane,31.3974,-102.3501,81.84,48,74,13.27,US,Sun Aug  4 21:37:43 2024
276,kruisfontein,-34.0033,24.7314,47.88,65,6,13.35,ZA,Sun Aug  4 21:37:44 2024
277,baikonur,45.6167,63.3167,81.91,29,100,2.33,KZ,Sun Aug  4 21:37:46 2024
278,vadso,70.0744,29.7487,50.88,93,100,11.5,NO,Sun Aug  4 21:37:47 2024
279,al kharijah,25.4514,30.5464,86.54,17,22,7.34,EG,Sun Aug  4 21:37:48 2024
280,dolores,-36.3132,-57.6792,49.39,56,99,8.39,AR,Sun Aug  4 21:37:50 2024
281,khonsa,27.0167,95.5667,78.67,95,83,1.48,IN,Sun Aug  4 21:37:51 2024
282,nogliki,51.8333,143.1667,60.6,68,94,15.75,RU,Sun Aug  4 21:37:53 2024
283,broome,42.2506,-75.833,71.55,59,0,1.95,US,Sun Aug  4 21:37:54 2024
284,sechura,-5.5569,-80.8222,64.51,79,17,14.5,PE,Sun Aug  4 21:37:56 2024
285,mocimboa,-11.3167,40.35,67.53,88,1,4.36,MZ,Sun Aug  4 21:37:57 2024
286,tetyushi,54.9382,48.8366,61.03,88,100,8.86,RU,Sun Aug  4 21:37:58 2024
287,vila velha,-20.3297,-40.2925,69.94,97,75,3.44,BR,Sun Aug  4 21:33:55 2024
288,ondjiva,-17.0667,15.7333,62.64,20,0,5.75,AO,Sun Aug  4 21:38:03 2024
289,gisborne,-38.6533,178.0042,52.2,61,72,6.04,NZ,Sun Aug  4 21:38:04 2024
290,bikenibeu village,1.3673,173.1241,87.76,66,20,8.05,KI,Sun Aug  4 21:38:06 2024
291,tabriz,38.08,46.2919,74.66,41,0,16.11,IR,Sun Aug  4 21:38:07 2024
292,san luis de la loma,17.2706,-100.8939,78.82,88,100,6.71,MX,Sun Aug  4 21:38:08 2024
293,taesal-li,36.9714,126.4542,81.72,83,10,2.08,KR,Sun Aug  4 21:38:10 2024
294,curup,-3.4667,102.5333,77.18,75,14,2.01,ID,Sun Aug  4 21:38:11 2024
295,shanwei,22.782,115.3475,86.77,71,98,1.86,CN,Sun Aug  4 21:38:13 2024
296,kargasok,59.0556,80.8572,65.19,90,100,5.35,RU,Sun Aug  4 21:38:15 2024
297,saint-zotique,45.2501,-74.2492,71.65,94,23,2.3,CA,Sun Aug  4 21:38:16 2024
298,carolina beach,34.0352,-77.8936,81.01,91,100,12.64,US,Sun Aug  4 21:38:17 2024
299,masterton,-40.9597,175.6575,53.1,71,100,4.29,NZ,Sun Aug  4 21:38:19 2024
300,la paz,-16.5,-68.15,48.18,65,20,6.91,BO,Sun Aug  4 21:35:10 2024
301,port-vila,-17.7338,168.3219,74.8,57,75,11.5,VU,Sun Aug  4 21:38:21 2024
302,ambasa,23.9172,91.8472,76.89,98,100,4.29,IN,Sun Aug  4 21:38:23 2024
303,salacgriva,57.7536,24.3581,58.23,92,19,3.09,LV,Sun Aug  4 21:38:24 2024
304,island harbour,50.724,-1.2758,61.93,76,40,1.99,GB,Sun Aug  4 21:38:26 2024
305,port isabel,26.0734,-97.2086,86.07,76,0,9.22,US,Sun Aug  4 21:38:27 2024
306,mar del plata,-38.0023,-57.5575,50.95,69,58,10.0,AR,Sun Aug  4 21:38:29 2024
307,la foa,-21.7108,165.8276,70.92,51,0,16.73,NC,Sun Aug  4 21:38:30 2024
308,rey bouba,8.6724,14.1786,72.09,88,99,2.64,CM,Sun Aug  4 21:38:31 2024
309,sinjai,-5.1241,120.253,81.3,70,88,7.29,ID,Sun Aug  4 21:38:33 2024
310,lebu,-37.6167,-73.65,50.76,95,100,22.88,CL,Sun Aug  4 21:38:36 2024
311,itarantim,-15.6597,-40.0656,63.84,96,3,1.32,BR,Sun Aug  4 21:38:37 2024
312,barcelos,41.5388,-8.6151,65.68,88,0,1.88,PT,Sun Aug  4 21:38:38 2024
313,karagandy,49.8019,73.1021,53.55,55,0,7.74,KZ,Sun Aug  4 21:36:46 2024
314,nakhon thai,17.1006,100.8374,75.67,95,100,1.36,TH,Sun Aug  4 21:38:43 2024
315,fortuna,40.5982,-124.1573,61.93,92,100,4.61,US,Sun Aug  4 21:38:44 2024
316,al hufuf,25.3646,49.5653,93.54,14,0,9.22,SA,Sun Aug  4 21:38:46 2024
317,dudinka,69.4058,86.1778,52.38,51,0,22.24,RU,Sun Aug  4 21:38:40 2024
318,taoudenni,22.6783,-3.9836,95.94,28,0,19.17,ML,Sun Aug  4 21:38:49 2024
319,lafiagi,8.8667,5.4167,73.13,85,54,3.44,NG,Sun Aug  4 21:38:50 2024
320,tolanaro,-25.0319,46.9987,62.67,94,20,2.3,MG,Sun Aug  4 21:38:52 2024
321,sambalpur,21.45,83.9667,78.21,89,100,1.95,IN,Sun Aug  4 21:38:53 2024
322,ghat,24.9647,10.1728,87.66,13,0,3.27,LY,Sun Aug  4 21:38:55 2024
323,vangaindrano,-23.35,47.6,61.65,90,1,6.31,MG,Sun Aug  4 21:38:56 2024
324,puerto armuelles,8.2833,-82.8667,78.78,87,100,4.0,PA,Sun Aug  4 21:38:58 2024
325,nailong,11.0537,124.0385,85.14,68,75,8.14,PH,Sun Aug  4 21:38:59 2024
326,cozumel,20.5083,-86.9458,85.95,84,40,4.61,MX,Sun Aug  4 21:37:35 2024
327,belyy yar,53.6039,91.3903,71.49,68,0,4.47,RU,Sun Aug  4 21:39:02 2024
328,pribrezhnyy,53.4866,49.8584,61.92,93,100,1.28,RU,Sun Aug  4 21:39:03 2024
329,saynshand,44.8824,110.1163,80.62,27,0,8.61,MN,Sun Aug  4 21:39:05 2024
330,mineros,-17.1167,-63.2333,76.87,67,39,3.67,BO,Sun Aug  4 21:39:06 2024
331,les sables-d'olonne,46.6667,-1.8333,59.79,85,7,3.56,FR,Sun Aug  4 21:39:08 2024
332,chamical,-30.36,-66.314,54.01,42,0,7.38,AR,Sun Aug  4 21:34:40 2024
333,mtambile,-5.3833,39.7,74.17,71,1,9.78,TZ,Sun Aug  4 21:39:10 2024
334,at taj,24.2049,23.2857,80.78,23,74,9.44,LY,Sun Aug  4 21:39:12 2024
335,st. john's,47.5649,-52.7093,70.29,97,100,14.97,CA,Sun Aug  4 21:34:56 2024
336,al burayqah,30.4062,19.5739,80.78,74,0,5.86,LY,Sun Aug  4 21:39:15 2024
337,sao jose da coroa grande,-8.8978,-35.1478,75.58,78,50,13.8,BR,Sun Aug  4 21:39:16 2024
338,kerikeri,-35.2268,173.9474,57.36,58,59,3.78,NZ,Sun Aug  4 21:39:18 2024
339,vodnyy,63.5046,53.4095,56.64,98,85,5.97,RU,Sun Aug  4 21:39:19 2024
340,tagkawayan sabang,13.9911,122.5289,85.66,72,100,8.34,PH,Sun Aug  4 21:39:21 2024
341,santa cruz,-17.8,-63.1667,71.06,94,20,5.75,BO,Sun Aug  4 21:36:34 2024
342,waingapu,-9.6567,120.2641,82.62,57,12,14.47,ID,Sun Aug  4 21:39:24 2024
343,yatou,37.15,122.3833,87.13,80,61,12.1,CN,Sun Aug  4 21:39:25 2024
344,palmer,42.1584,-72.3287,72.77,81,40,3.44,US,Sun Aug  4 21:39:27 2024
345,medicine hat,50.0501,-110.6683,82.83,34,100,14.97,CA,Sun Aug  4 21:39:28 2024
346,egersund,58.4513,5.9997,51.08,84,99,5.3,NO,Sun Aug  4 21:39:30 2024
347,la mira,18.035,-102.3266,78.93,87,100,6.06,MX,Sun Aug  4 21:39:31 2024
348,amos,48.5669,-78.1162,56.34,58,18,5.3,CA,Sun Aug  4 21:39:33 2024
349,puerto el triunfo,13.2833,-88.55,79.68,82,89,1.95,SV,Sun Aug  4 21:39:34 2024
350,tura,25.5198,90.2201,79.84,91,100,4.03,IN,Sun Aug  4 21:39:35 2024
351,dubovskoye,47.4092,42.7575,71.33,50,28,5.61,RU,Sun Aug  4 21:39:37 2024
352,fallon,39.4735,-118.7774,96.93,32,0,8.08,US,Sun Aug  4 21:39:38 2024
353,salekhard,66.53,66.6019,48.83,63,100,21.14,RU,Sun Aug  4 21:39:41 2024
354,salalah,17.0151,54.0924,78.89,89,100,2.3,OM,Sun Aug  4 21:39:45 2024
355,ola,59.5833,151.2833,61.09,72,0,6.06,RU,Sun Aug  4 21:39:46 2024
356,grand forks,47.9417,-97.4337,64.71,86,100,12.66,US,Sun Aug  4 21:36:44 2024
357,faya-largeau,17.9257,19.1043,81.07,76,100,22.32,TD,Sun Aug  4 21:39:49 2024
358,kemin,42.7846,75.6892,76.51,34,94,2.19,KG,Sun Aug  4 21:39:50 2024
359,cockburn town,21.4612,-71.1419,82.96,84,3,20.56,TC,Sun Aug  4 21:39:52 2024
360,carbonear,47.7332,-53.2148,70.75,99,100,8.55,CA,Sun Aug  4 21:39:53 2024
361,isangel,-19.55,169.2667,77.11,50,75,5.75,VU,Sun Aug  4 21:39:55 2024
362,san pedro,14.35,121.0167,84.31,84,75,12.66,PH,Sun Aug  4 21:39:56 2024
363,bandar-e lengeh,26.5579,54.8807,89.83,86,65,15.12,IR,Sun Aug  4 21:39:57 2024
364,chipata,-13.6333,32.65,57.24,46,5,4.68,ZM,Sun Aug  4 21:39:59 2024
365,chabahar,25.2919,60.643,84.0,83,100,13.47,IR,Sun Aug  4 21:39:38 2024
366,kirensk,57.7853,108.1119,67.75,57,94,3.27,RU,Sun Aug  4 21:40:02 2024
367,baruun-urt,46.6806,113.2792,73.26,47,2,6.62,MN,Sun Aug  4 21:37:15 2024
368,kharp,66.8014,65.8081,52.93,54,100,13.06,RU,Sun Aug  4 21:40:05 2024
369,sandnessjoen,66.0217,12.6316,61.32,77,33,10.67,NO,Sun Aug  4 21:40:06 2024
370,lazaro cardenas,17.9583,-102.2,79.92,86,100,7.56,MX,Sun Aug  4 21:40:08 2024
371,kisangani,0.5167,25.2,70.84,90,85,2.39,CD,Sun Aug  4 21:40:09 2024
372,sulphur springs,33.1385,-95.6011,87.08,54,0,6.91,US,Sun Aug  4 21:35:26 2024
373,saint-philippe,-21.3585,55.7679,65.79,76,33,6.24,RE,Sun Aug  4 21:40:12 2024
374,westport,41.1415,-73.3579,74.53,89,0,8.05,US,Sun Aug  4 21:40:13 2024
375,nyagan,62.1406,65.3936,62.42,84,92,0.38,RU,Sun Aug  4 21:40:15 2024
376,orsta,62.2029,6.1272,59.18,94,100,0.0,NO,Sun Aug  4 21:40:16 2024
377,dzilam gonzalez,21.2833,-88.9333,78.35,88,3,3.02,MX,Sun Aug  4 21:40:17 2024
378,cold lake,54.4502,-110.2017,71.55,49,75,8.05,CA,Sun Aug  4 21:36:31 2024
379,glubokoye,50.1456,82.3114,60.55,94,40,0.0,KZ,Sun Aug  4 21:40:20 2024
380,kampot,10.6167,104.1833,80.65,71,36,5.23,KH,Sun Aug  4 21:40:21 2024
381,ridgecrest,35.6225,-117.6709,105.66,12,89,10.0,US,Sun Aug  4 21:40:24 2024
382,egilsstadir,65.2653,-14.3948,51.71,82,100,19.57,IS,Sun Aug  4 21:40:25 2024
383,guerrero negro,27.9769,-114.0611,70.48,82,38,15.79,MX,Sun Aug  4 21:40:26 2024
384,mormugao,15.4,73.8,79.86,89,100,8.05,IN,Sun Aug  4 21:40:28 2024
385,iranshahr,27.2025,60.6848,90.73,40,100,3.67,IR,Sun Aug  4 21:40:29 2024
386,richards bay,-28.783,32.0377,66.87,72,99,16.84,ZA,Sun Aug  4 21:40:31 2024
387,happy valley-goose bay,53.3168,-60.3315,68.31,56,40,6.91,CA,Sun Aug  4 21:39:45 2024
388,caraballeda,10.6112,-66.8522,82.47,89,75,5.75,VE,Sun Aug  4 21:40:33 2024
389,san pedro pochutla,15.7333,-96.4667,82.11,89,58,3.56,MX,Sun Aug  4 21:40:35 2024
390,tonder,54.9331,8.8667,59.95,92,91,6.96,DK,Sun Aug  4 21:40:36 2024
391,levuka,50.1834,-105.4011,69.51,54,100,14.76,CA,Sun Aug  4 21:40:38 2024
392,manokwari,-0.8667,134.0833,76.32,88,100,3.89,ID,Sun Aug  4 21:40:39 2024
393,akureyri,65.6835,-18.0878,53.53,71,100,8.05,IS,Sun Aug  4 21:40:41 2024
394,visakhapatnam,17.69,83.2093,82.29,100,40,2.3,IN,Sun Aug  4 21:38:25 2024
395,nyala,12.05,24.8833,73.33,81,99,15.48,SD,Sun Aug  4 21:40:44 2024
396,susuman,62.7833,148.1667,64.53,36,13,6.42,RU,Sun Aug  4 21:39:18 2024
397,zaozersk,69.4005,32.4476,46.56,92,3,5.01,RU,Sun Aug  4 21:40:47 2024
398,amahai,-3.3333,128.9167,77.36,88,86,5.88,ID,Sun Aug  4 21:40:48 2024
399,minggang,32.4586,114.0486,91.2,64,92,11.65,CN,Sun Aug  4 21:40:51 2024
400,dingcheng,32.1272,115.0394,92.93,62,78,13.4,CN,Sun Aug  4 21:40:52 2024
401,las tablas,7.7667,-80.2833,80.17,99,100,2.86,PA,Sun Aug  4 21:40:54 2024
402,tual,-5.6667,132.75,77.16,85,74,20.31,ID,Sun Aug  4 21:40:55 2024
403,tabu,9.8923,122.7098,82.4,70,76,7.81,PH,Sun Aug  4 21:40:56 2024
404,kaka,37.3482,59.6143,86.79,19,0,5.21,TM,Sun Aug  4 21:40:58 2024
405,baotou,40.6522,109.8222,77.45,42,39,5.3,CN,Sun Aug  4 21:40:59 2024
406,mossel bay,-34.1831,22.146,42.73,68,3,11.59,ZA,Sun Aug  4 21:41:01 2024
407,rindge,42.7512,-72.0098,70.54,97,100,3.71,US,Sun Aug  4 21:41:02 2024
408,west bay,19.3667,-81.4167,84.27,84,20,4.61,KY,Sun Aug  4 21:41:04 2024
409,nikel,69.4128,30.222,50.18,82,2,4.43,RU,Sun Aug  4 21:41:05 2024
410,bayji,34.9311,43.487,88.3,18,0,10.8,IQ,Sun Aug  4 21:41:06 2024
411,fairwood,47.4484,-122.1573,86.13,42,0,10.36,US,Sun Aug  4 21:41:08 2024
412,cape canaveral,28.4058,-80.6048,78.08,92,0,13.8,US,Sun Aug  4 21:38:08 2024
413,jiazi,22.8779,116.067,86.41,76,100,2.06,CN,Sun Aug  4 21:41:11 2024
414,seven pagodas,12.6264,80.1722,78.12,75,100,7.7,IN,Sun Aug  4 21:41:14 2024
415,gbadolite,4.2833,21.0167,69.08,97,99,1.54,CD,Sun Aug  4 21:41:15 2024
416,bamboo flat,11.7,92.7167,80.69,89,40,1.14,IN,Sun Aug  4 21:39:36 2024
417,nyazepetrovsk,56.0531,59.6028,56.8,98,100,3.62,RU,Sun Aug  4 21:41:18 2024
418,gizo,-8.103,156.8419,78.66,88,100,13.18,SB,Sun Aug  4 21:41:19 2024
419,tazacorte,28.629,-17.9293,72.57,95,100,12.66,ES,Sun Aug  4 21:41:22 2024
420,chibougamau,49.9168,-74.3659,56.82,62,20,4.61,CA,Sun Aug  4 21:39:16 2024
421,macau,22.2006,113.5461,93.7,79,20,3.44,MO,Sun Aug  4 21:41:25 2024
422,margate,51.3813,1.3862,59.31,85,74,10.87,GB,Sun Aug  4 21:35:54 2024
423,marshall,34.3834,-86.3333,83.95,78,0,3.44,US,Sun Aug  4 21:37:05 2024
424,fort st. john,56.2499,-120.8529,57.09,82,75,9.22,CA,Sun Aug  4 21:41:29 2024
425,lerwick,60.1545,-1.1494,59.0,93,100,23.44,GB,Sun Aug  4 21:41:31 2024
426,huarmey,-10.0681,-78.1522,62.35,86,7,10.27,PE,Sun Aug  4 21:41:32 2024
427,atafu village,-8.5421,-172.5159,82.33,79,100,10.71,TK,Sun Aug  4 21:41:33 2024
428,fort bragg,35.139,-79.006,77.14,92,75,3.44,US,Sun Aug  4 21:41:35 2024
429,sao vicente,-23.9631,-46.3919,82.58,60,65,2.37,BR,Sun Aug  4 21:41:36 2024
430,levoca,49.0217,20.5921,53.73,77,100,2.62,SK,Sun Aug  4 21:41:38 2024
431,plastun,44.7561,136.2939,67.35,52,100,5.61,RU,Sun Aug  4 21:41:41 2024
432,conduaga,8.862,117.4893,86.4,66,100,6.76,PH,Sun Aug  4 21:41:42 2024
433,qamdo,31.1667,97.2333,56.08,52,0,1.7,CN,Sun Aug  4 21:41:43 2024
434,luanda,-8.8368,13.2343,68.25,84,100,3.98,AO,Sun Aug  4 21:37:16 2024
435,potiskum,11.7091,11.0694,74.79,85,100,7.65,NG,Sun Aug  4 21:41:46 2024
436,sinanpasa,38.7444,30.2428,66.18,58,0,3.22,TR,Sun Aug  4 21:41:48 2024
437,brandfort,-28.7001,26.4597,40.41,61,74,7.81,ZA,Sun Aug  4 21:41:49 2024
438,mpanda,-6.3655,31.0409,60.96,37,49,1.66,TZ,Sun Aug  4 21:41:50 2024
439,coquimbo,-29.9533,-71.3436,53.33,77,100,2.3,CL,Sun Aug  4 21:40:32 2024
440,bafoulabe,13.8065,-10.8321,74.64,94,77,6.91,ML,Sun Aug  4 21:41:53 2024
441,cidade velha,14.9167,-23.6167,81.07,78,20,1.14,CV,Sun Aug  4 21:41:55 2024
442,spas-demensk,54.4122,34.0226,52.95,95,41,4.05,RU,Sun Aug  4 21:41:56 2024
443,manicore,-5.8092,-61.3003,78.57,45,15,2.17,BR,Sun Aug  4 21:41:58 2024
444,arkalyk,50.2486,66.9114,67.98,53,0,7.65,KZ,Sun Aug  4 21:41:59 2024
445,elverum,60.8819,11.5623,53.42,95,23,2.55,NO,Sun Aug  4 21:42:01 2024
446,makarska,43.2969,17.0178,73.56,58,66,12.39,HR,Sun Aug  4 21:42:02 2024
447,arraial do cabo,-22.9661,-42.0278,72.34,91,0,23.94,BR,Sun Aug  4 21:42:05 2024
448,kayyerkan,69.3786,87.7439,50.34,62,0,22.77,RU,Sun Aug  4 21:42:06 2024
449,senador guiomard,-10.1522,-67.7392,78.55,64,7,3.53,BR,Sun Aug  4 21:42:08 2024
450,pierre,44.3683,-100.351,76.12,78,75,12.66,US,Sun Aug  4 21:42:10 2024
451,owatonna,44.0839,-93.226,76.42,88,40,4.61,US,Sun Aug  4 21:42:11 2024
452,wanning,18.8003,110.3967,87.4,69,74,4.7,CN,Sun Aug  4 21:42:12 2024
453,kapa'a,22.0752,-159.319,82.72,66,100,14.97,US,Sun Aug  4 21:42:14 2024
454,aripuana,-9.1667,-60.6333,75.18,48,0,2.44,BR,Sun Aug  4 21:42:15 2024
455,turpan,42.9333,89.1667,103.12,17,61,7.78,CN,Sun Aug  4 21:42:17 2024
456,rawson,-43.3002,-65.1023,50.32,52,78,10.27,AR,Sun Aug  4 21:42:18 2024
457,watampone,-4.5386,120.3279,81.59,72,97,8.81,ID,Sun Aug  4 21:42:20 2024
458,turbat,26.0023,63.044,82.78,73,100,5.3,PK,Sun Aug  4 21:42:21 2024
459,dwarka,22.2394,68.9678,82.33,86,100,17.69,IN,Sun Aug  4 21:42:22 2024
460,likiep,9.8251,169.3107,83.7,78,18,12.12,MH,Sun Aug  4 21:42:24 2024
461,saint-francois,46.4154,3.9054,58.68,100,0,2.3,FR,Sun Aug  4 21:42:25 2024
462,prado,-17.3411,-39.2208,71.83,89,25,9.66,BR,Sun Aug  4 21:42:27 2024
463,alegrete,-29.7831,-55.7919,59.72,98,100,11.01,BR,Sun Aug  4 21:42:28 2024
464,santa elena de uairen,4.6167,-61.1333,66.56,92,98,3.71,VE,Sun Aug  4 21:42:29 2024
465,farah,32.5,62.5,85.19,22,0,2.68,AF,Sun Aug  4 21:42:31 2024
466,beau vallon,-20.4189,57.6953,65.21,88,20,6.91,MU,Sun Aug  4 21:42:32 2024
467,tougue,11.4667,-11.6,67.03,99,100,2.68,GN,Sun Aug  4 21:42:34 2024
468,salamanca,40.8333,-6.0,68.0,34,0,4.38,ES,Sun Aug  4 21:41:08 2024
469,taunsa,30.7048,70.6505,85.39,77,88,6.89,PK,Sun Aug  4 21:42:37 2024
470,madalena,41.2162,-8.3345,64.29,89,0,1.32,PT,Sun Aug  4 21:42:38 2024
471,bam,29.106,58.357,92.16,12,81,9.4,IR,Sun Aug  4 21:42:39 2024
472,tabou,4.423,-7.3528,76.03,83,100,5.84,CI,Sun Aug  4 21:42:41 2024
473,oban,56.4127,-5.4706,60.39,98,100,5.86,GB,Sun Aug  4 21:42:42 2024
474,lihue,21.9789,-159.3672,81.99,70,100,14.97,US,Sun Aug  4 21:39:02 2024
475,monrovia,6.3005,-10.7969,74.97,86,59,5.44,LR,Sun Aug  4 21:40:07 2024
476,midvagur,62.0511,-7.1939,54.43,100,100,25.32,FO,Sun Aug  4 21:42:46 2024
477,kananga,-5.8958,22.4178,69.15,32,72,3.09,CD,Sun Aug  4 21:42:48 2024
478,ulladulla,-35.35,150.4667,62.44,43,100,4.56,AU,Sun Aug  4 21:42:49 2024
479,saudarkrokur,65.7461,-19.6394,51.6,82,100,13.15,IS,Sun Aug  4 21:39:24 2024
480,ribeira brava,32.65,-17.0667,74.03,79,0,1.61,PT,Sun Aug  4 21:39:38 2024
481,ciudad lazaro cardenas,17.9583,-102.2,79.92,86,100,7.56,MX,Sun Aug  4 21:42:55 2024
482,uyuni,-20.4597,-66.825,38.12,22,0,10.74,BO,Sun Aug  4 21:42:56 2024
483,port macquarie,-31.4333,152.9167,67.06,63,100,7.0,AU,Sun Aug  4 21:42:58 2024
484,ghadamis,30.1337,9.5007,79.54,53,0,9.19,LY,Sun Aug  4 21:42:59 2024
485,antsiranana,-12.2787,49.2917,69.67,74,8,14.14,MG,Sun Aug  4 21:43:00 2024
486,amol,36.4696,52.3507,75.92,71,0,1.97,IR,Sun Aug  4 21:43:02 2024
487,port saint john's,-31.6229,29.5448,57.58,63,100,15.26,ZA,Sun Aug  4 21:39:46 2024
488,santa terezinha,-29.9002,-50.0904,61.9,100,100,7.54,BR,Sun Aug  4 21:43:05 2024
489,homer,59.6425,-151.5483,65.77,61,0,13.8,US,Sun Aug  4 21:43:06 2024
490,bodaybo,57.8506,114.1933,65.46,82,100,2.77,RU,Sun Aug  4 21:43:07 2024
491,kaitong,44.8135,123.15,81.41,79,99,7.9,CN,Sun Aug  4 21:43:10 2024
492,morant bay,17.8815,-76.4093,87.42,87,11,8.3,JM,Sun Aug  4 21:43:12 2024
493,tanjung selor,2.8372,117.3642,81.68,82,100,3.53,ID,Sun Aug  4 21:43:13 2024
494,archangelos,36.2149,28.1149,78.78,57,0,1.5,GR,Sun Aug  4 21:43:15 2024
495,dmitrovsk-orlovskiy,52.505,35.1464,61.84,73,100,5.1,RU,Sun Aug  4 21:43:16 2024
496,demyansk,57.643,32.466,53.78,97,2,2.42,RU,Sun Aug  4 21:43:18 2024
497,danielskuil,-28.1887,23.5395,35.6,94,100,6.82,ZA,Sun Aug  4 21:43:19 2024
498,horta,38.5333,-28.6333,76.01,95,42,8.99,PT,Sun Aug  4 21:43:21 2024
499,kudymkar,59.0173,54.656,56.91,97,77,4.14,RU,Sun Aug  4 21:43:22 2024
500,hilo,19.7297,-155.09,80.1,81,100,16.11,US,Sun Aug  4 21:43:23 2024
501,golfito,8.639,-83.166,73.4,92,100,1.57,CR,Sun Aug  4 21:43:25 2024
502,kapuskasing,49.4169,-82.4331,62.69,63,20,3.44,CA,Sun Aug  4 21:41:56 2024
503,kayangel,8.0823,134.7173,84.09,74,41,13.35,PW,Sun Aug  4 21:43:29 2024
504,howrah,22.5892,88.3103,86.0,89,75,5.75,IN,Sun Aug  4 21:43:30 2024
505,dalandzadgad,43.5708,104.425,78.64,28,93,7.87,MN,Sun Aug  4 21:43:32 2024
506,taro,-8.3862,115.28,77.0,54,72,4.36,ID,Sun Aug  4 21:43:33 2024
507,inhambane,-23.865,35.3833,65.37,76,48,11.83,MZ,Sun Aug  4 21:43:34 2024
508,hasaki,35.7333,140.8333,91.29,69,1,6.4,JP,Sun Aug  4 21:43:36 2024
509,kayes,14.0,-11.0,73.85,92,73,9.19,ML,Sun Aug  4 21:43:37 2024
510,bandon,51.7469,-8.7425,63.99,98,100,16.58,IE,Sun Aug  4 21:43:39 2024
511,belo sur tsiribihina,-19.7,44.55,59.7,84,0,3.71,MG,Sun Aug  4 21:43:40 2024
512,catemaco,18.4167,-95.1167,73.38,94,71,3.56,MX,Sun Aug  4 21:43:42 2024
513,sao felix do xingu,-6.6447,-51.995,73.96,44,7,2.57,BR,Sun Aug  4 21:43:43 2024
514,natal,-5.795,-35.2094,72.25,88,20,6.91,BR,Sun Aug  4 21:43:44 2024
515,piti village,13.4626,144.6933,87.85,78,0,11.5,GU,Sun Aug  4 21:43:46 2024
516,pacific grove,36.6177,-121.9166,72.88,88,100,11.5,US,Sun Aug  4 21:42:09 2024
517,klaksvik,62.2266,-6.589,54.52,99,100,29.95,FO,Sun Aug  4 21:43:49 2024
518,aghajari,30.7006,49.8315,80.82,30,0,2.3,IR,Sun Aug  4 21:43:50 2024
519,sovetskaya gavan',48.9723,140.2878,67.33,51,12,7.85,RU,Sun Aug  4 21:43:52 2024
520,goure,13.9835,10.2704,78.13,72,100,13.78,NE,Sun Aug  4 21:43:53 2024
521,hotan,37.0997,79.9269,82.94,32,100,6.06,CN,Sun Aug  4 21:39:39 2024
522,portales,34.1862,-103.3344,89.13,34,93,10.83,US,Sun Aug  4 21:43:57 2024
523,greymouth,-42.4667,171.2,45.12,92,100,4.12,NZ,Sun Aug  4 21:43:59 2024
524,yelizovo,53.1873,158.3805,69.94,60,20,8.95,RU,Sun Aug  4 21:43:04 2024
525,waddan,29.1614,16.139,83.07,28,0,11.07,LY,Sun Aug  4 21:44:02 2024
526,devin,41.7433,24.4,57.25,66,59,1.99,BG,Sun Aug  4 21:42:18 2024
527,weno,7.4515,151.8468,89.55,79,75,9.22,FM,Sun Aug  4 21:44:05 2024
528,reinosa,42.9996,-4.138,59.88,77,0,1.79,ES,Sun Aug  4 21:44:06 2024
529,haiku-pauwela,20.9219,-156.3051,83.25,62,20,28.77,US,Sun Aug  4 21:44:08 2024
530,remire-montjoly,4.9167,-52.2667,78.84,89,0,2.3,GF,Sun Aug  4 21:44:09 2024
531,belmonte,-15.8631,-38.8828,71.6,87,52,3.78,BR,Sun Aug  4 21:44:10 2024
532,meadow lake,34.8014,-106.5436,92.7,33,30,4.97,US,Sun Aug  4 21:44:12 2024
533,koz'modem'yansk,56.3367,46.5711,57.96,97,92,4.59,RU,Sun Aug  4 21:44:13 2024
534,heihe,50.2441,127.4902,79.38,85,99,11.52,CN,Sun Aug  4 21:44:16 2024
535,malagueno,-31.4647,-64.3584,50.79,53,6,5.21,AR,Sun Aug  4 21:44:18 2024
536,alpena,45.0617,-83.4327,71.92,83,0,0.0,US,Sun Aug  4 21:44:19 2024
537,laojunmiao,39.8333,97.7333,80.01,16,96,4.09,CN,Sun Aug  4 21:44:20 2024
538,upper dir,35.2058,71.8756,73.35,79,84,0.72,PK,Sun Aug  4 21:44:22 2024
539,fondi,41.3541,13.4313,77.49,71,96,2.37,IT,Sun Aug  4 21:44:23 2024
540,dagomys,43.6703,39.6689,75.15,82,3,6.91,RU,Sun Aug  4 21:44:25 2024
541,ayorou,14.7308,0.9174,81.7,66,100,10.89,NE,Sun Aug  4 21:44:26 2024
542,takoradi,4.8845,-1.7554,74.71,85,100,6.44,GH,Sun Aug  4 21:44:27 2024
543,booue,-0.0921,11.9385,71.28,82,39,4.18,GA,Sun Aug  4 21:44:29 2024
544,nizhnesortymskiy,62.4397,71.7603,68.54,67,50,2.51,RU,Sun Aug  4 21:44:30 2024
545,santana,-0.0583,-51.1817,84.38,79,20,12.66,BR,Sun Aug  4 21:44:32 2024
546,baharly,38.4362,57.4316,86.05,23,8,6.06,TM,Sun Aug  4 21:44:33 2024
547,yerofey pavlovich,53.9667,121.9667,60.87,100,100,0.38,RU,Sun Aug  4 21:44:35 2024
548,puerto lempira,15.2667,-83.7667,80.04,85,17,6.58,HN,Sun Aug  4 21:44:36 2024
549,sonepur,20.8333,83.9167,80.76,84,93,7.18,IN,Sun Aug  4 21:44:37 2024
550,tralee,52.2704,-9.7026,63.03,99,100,6.82,IE,Sun Aug  4 21:44:39 2024
551,cascais,38.6979,-9.4215,69.66,74,0,11.01,PT,Sun Aug  4 21:44:40 2024
552,myrina,39.8797,25.0742,79.84,78,0,9.22,GR,Sun Aug  4 21:44:42 2024
553,argo,37.6333,22.7333,77.79,52,0,3.11,GR,Sun Aug  4 21:44:43 2024
554,villers-cotterets,49.2531,3.09,60.46,89,97,1.72,FR,Sun Aug  4 21:44:45 2024
555,bairnsdale,-37.8333,147.6167,53.06,79,100,1.01,AU,Sun Aug  4 21:44:46 2024
556,abaete,-19.16,-45.4458,66.07,66,60,3.4,BR,Sun Aug  4 21:44:47 2024
557,uusikaupunki,60.8004,21.4084,58.03,92,8,4.03,FI,Sun Aug  4 21:44:49 2024
558,warah,27.4481,67.7978,85.44,73,26,7.07,PK,Sun Aug  4 21:44:50 2024
559,capo d'orlando,38.1435,14.7305,82.42,87,19,4.21,IT,Sun Aug  4 21:44:52 2024
560,warrenton,-28.114,24.8475,40.84,89,100,6.55,ZA,Sun Aug  4 21:38:42 2024
561,ilomantsi,62.6716,30.9328,48.38,96,14,4.34,FI,Sun Aug  4 21:44:54 2024
562,mariehamn,60.0973,19.9348,62.82,100,100,1.14,AX,Sun Aug  4 21:44:56 2024
563,ipameri,-17.7219,-48.1597,66.0,60,11,6.42,BR,Sun Aug  4 21:44:57 2024
564,sinabang,2.4803,96.3801,82.51,77,71,2.59,ID,Sun Aug  4 21:44:59 2024
565,tobelo,1.7284,128.0095,82.42,75,100,3.89,ID,Sun Aug  4 21:45:00 2024
566,la villa del rosario,10.3258,-72.3134,77.23,85,95,10.78,VE,Sun Aug  4 21:45:02 2024
567,ialibu,-6.2821,143.9935,69.66,67,91,4.23,PG,Sun Aug  4 21:45:03 2024
568,shunyi,40.125,116.6453,85.95,62,0,2.24,CN,Sun Aug  4 21:45:05 2024
569,akcaabat,41.0212,39.5715,76.87,83,75,4.61,TR,Sun Aug  4 21:45:07 2024
570,harper,4.375,-7.7169,76.33,82,100,7.27,LR,Sun Aug  4 21:45:09 2024
571,lincoln city,44.9582,-124.0179,70.29,80,0,11.99,US,Sun Aug  4 21:40:17 2024
572,mananjary,-21.2167,48.3333,61.72,89,0,5.64,MG,Sun Aug  4 21:45:12 2024
573,castillos,-34.1667,-53.8333,51.03,81,99,4.63,UY,Sun Aug  4 21:45:13 2024
574,kenai,60.5544,-151.2583,66.29,59,0,8.05,US,Sun Aug  4 21:45:14 2024
575,palmeira,-25.4294,-50.0064,65.25,56,82,5.3,BR,Sun Aug  4 21:45:16 2024
576,khandyga,62.6667,135.6,72.0,37,94,6.67,RU,Sun Aug  4 21:45:17 2024
